,Name,site,data  vloume,emoloyee number,page number,
1,Comcast ,https://www.glassdoor.com/Interview/Comcast-Interview-Questions-E1280.htm?sort.sortType=RD&sort.ascending=false ,2712,"168,000",271,
2,Meta,https://www.glassdoor.com/Interview/Meta-Interview-Questions-E40772.htm?sort.sortType=RD&sort.ascending=false ,9456,"71,970",945,
3,Netflix ,https://www.glassdoor.com/Interview/Netflix-Interview-Questions-E11891.htm?sort.sortType=RD&sort.ascending=false ,974,"11,300",97,
4,Disney ,https://www.glassdoor.com/Interview/Walt-Disney-Company-Interview-Questions-E717.htm?sort.sortType=RD&sort.ascending=false ,2172,"203,000",217,
5,Apple ,https://www.glassdoor.com/Interview/Apple-Interview-Questions-E1138.htm?sort.sortType=RD&sort.ascending=false ,10021,"154,000",1002,
6,Amazon ,https://www.glassdoor.com/Interview/Amazon-Interview-Questions-E6036.htm?sort.sortType=RD&sort.ascending=false ,40199,"935,000",4019,
7,Tesla ,https://www.glassdoor.com/Interview/Tesla-Interview-Questions-E43129.htm?sort.sortType=RD&sort.ascending=false ,2207,"70,000",220,
8,Microsoft ,https://www.glassdoor.com/Interview/Microsoft-Interview-Questions-E1651.htm?sort.sortType=RD&sort.ascending=false ,12595,"181,000",1259,
9,Domino's ,https://www.glassdoor.com/Interview/Domino-s-Interview-Questions-E2770.htm?sort.sortType=RD&sort.ascending=false ,1437,"14,400",143,
10,Starbucks ,https://www.glassdoor.com/Interview/Starbucks-Interview-Questions-E2202.htm?sort.sortType=RD&sort.ascending=false ,7387,"346,000",738,
11,3M ,https://www.glassdoor.com/Interview/3M-Interview-Questions-E446.htm?sort.sortType=RD&sort.ascending=false ,914,"90,000",91,
12,Coca-Cola ,https://www.glassdoor.com/Interview/The-Coca-Cola-Company-Interview-Questions-E161.htm?sort.sortType=RD&sort.ascending=false ,1554,"86,200",155,
13,Costco ,https://www.glassdoor.com/Interview/Costco-Wholesale-Interview-Questions-E2590.htm?sort.sortType=RD&sort.ascending=false ,1660,"288,000",166,
14,Walmart ,https://www.glassdoor.com/Interview/Walmart-Interview-Questions-E715.htm?sort.sortType=RD&sort.ascending=false ,12411,"2,300,000",1241,
15,Procter & Gamble ,https://www.glassdoor.com/Interview/Procter-and-Gamble-Interview-Questions-E544.htm?sort.sortType=RD&sort.ascending=false ,4797,"101,000",479,
16,ExxonMobil ,https://www.glassdoor.com/Interview/ExxonMobil-Interview-Questions-E237.htm?sort.sortType=RD&sort.ascending=false ,2192,"72,000",219,
17,Citigroup ,https://www.glassdoor.com/Interview/Citi-Interview-Questions-E8843.htm?sort.sortType=RD&sort.ascending=false ,6022,"210,000",602,
18,Goldman Sachs ,https://www.glassdoor.com/Interview/Goldman-Sachs-Interview-Questions-E2800.htm?sort.sortType=RD&sort.ascending=false ,7749,"43,000",774,
19,Chase ,https://www.glassdoor.com/Interview/Chase-Interview-Questions-E690765.htm?sort.sortType=RD&sort.ascending=false ,1252,"271,025",125,
20,JPMorgan ,https://www.glassdoor.com/Interview/J.P.-Morgan-Interview-Questions-E145.htm?sort.sortType=RD&sort.ascending=false ,10613,"256,981",1061,
21,Wells Fargo ,https://www.glassdoor.com/Interview/Wells-Fargo-Interview-Questions-E8876.htm?sort.sortType=RD&sort.ascending=false ,8190,"233,403",819,
22,Progressive ,https://www.glassdoor.com/Interview/Progressive-Insurance-Interview-Questions-E546.htm?sort.sortType=RD&sort.ascending=false ,2319,"43,000",231,
23,Prudential ,https://www.glassdoor.com/Interview/Prudential-Interview-Questions-E2944.htm?sort.sortType=RD&sort.ascending=false ,1377,"41,671",137,
24,U.S. Bank ,https://www.glassdoor.com/Interview/U.S.-Bank-Interview-Questions-E8937.htm?sort.sortType=RD&sort.ascending=false ,1466,"70,000",146,
25,Nielsen ,https://www.glassdoor.com/Interview/Nielsen-Interview-Questions-E3776.htm?sort.sortType=RD&sort.ascending=false ,1851,"43,000",185,
26,Accenture ,https://www.glassdoor.com/Interview/Accenture-Interview-Questions-E4138.htm?sort.sortType=RD&sort.ascending=false ,21865,"500,000",2186,
,,,175392,,17528,